{
  "experiments": {
    "ex_4": {
      "baseline": {
        "mae": 0.2661673830719917,
        "rmse": 0.4912622152277935,
        "r2": 0.641290656893587,
        "mape": 12.388344198250051,
        "peak_absolute_error": 2.127522720780339,
        "latency_ms": 0.00023169984683857846,
        "stationary_rmse": 0.4895768646784226,
        "rising_transition_rmse": 1.3939819917890444,
        "falling_transition_rmse": 1.6037847581358748
      },
      "lstm": {
        "mae": 0.2275219062073942,
        "rmse": 0.4338372467044955,
        "r2": 0.7202502966658287,
        "mape": 10.68750106104415,
        "peak_absolute_error": 2.0308011472393748,
        "latency_ms": 0.05658497192440273,
        "stationary_rmse": 0.43399742556471993,
        "rising_transition_rmse": 0.06741592604530068,
        "falling_transition_rmse": 0.18103235900778414
      }
    },
    "ex_22": {
      "baseline": {
        "mae": 0.16184135616757536,
        "rmse": 0.19462284929485962,
        "r2": 0.9400432913523112,
        "mape": 9.053079626405955,
        "peak_absolute_error": 0.5485133258954753,
        "latency_ms": 0.00024068315663373314,
        "stationary_rmse": 0.19453116906118234,
        "rising_transition_rmse": 0.21536454223082313,
        "falling_transition_rmse": 0.18369028175566765
      },
      "lstm": {
        "mae": 0.13479646016752334,
        "rmse": 0.16716294418993197,
        "r2": 0.9557686541017525,
        "mape": 8.075595891640623,
        "peak_absolute_error": 0.4819022980986798,
        "latency_ms": 0.04245932862188627,
        "stationary_rmse": 0.16641712102204756,
        "rising_transition_rmse": 0.1367488850825423,
        "falling_transition_rmse": 0.260087171942015
      }
    }
  },
  "overall": {
    "baseline": {
      "mae": 0.21773908913232712,
      "rmse": 0.3832647885538537,
      "r2": 0.7754367169989584,
      "mape": 10.840109516603432,
      "peak_absolute_error": 2.127522720780339,
      "latency_ms": 0.00023586991235549312,
      "stationary_rmse": 0.38309468961574333,
      "rising_transition_rmse": 0.3895637058362082,
      "falling_transition_rmse": 0.4180471520337847
    },
    "lstm": {
      "mae": 0.18447861883463137,
      "rmse": 0.3373671325929682,
      "r2": 0.8260011227903774,
      "mape": 9.475050869661956,
      "peak_absolute_error": 2.0308011472393748,
      "latency_ms": 0.05002782768878569,
      "stationary_rmse": 0.3382158830103903,
      "rising_transition_rmse": 0.13384262852672196,
      "falling_transition_rmse": 0.2563356571370006
    }
  },
  "generated_from": "backend_real_model_predictions"
}